[{"pos_x": 164.988127, "pos_y": -27.0038, "rotation": 0.0, "side": "top", "designator": "E20-4", "mpn": null, "pack": "PinSocket_1x12_P2.54mm_Vertical", "value": "Conn_01x12_Pin", "mount_type": "tht", "place": true}, {"pos_x": 174.794628, "pos_y": -54.99152, "rotation": 180.0, "side": "top", "designator": "E35-3", "mpn": null, "pack": "PinSocket_1x12_P2.54mm_Vertical", "value": "Conn_01x12_Pin", "mount_type": "tht", "place": true}, {"pos_x": 101.793117, "pos_y": -74.80325, "rotation": 0.0, "side": "top", "designator": "J2", "mpn": null, "pack": "PinSocket_1x02_P2.54mm_Vertical", "value": "Conn_01x02_Socket", "mount_type": "tht", "place": true}, {"pos_x": 128.274335, "pos_y": -78.940208, "rotation": 180.0, "side": "top", "designator": "D4", "mpn": null, "pack": "D_DO-41_SOD81_P10.16mm_Horizontal", "value": "IN914", "mount_type": "tht", "place": true}, {"pos_x": 110.614279, "pos_y": -64.376297, "rotation": 0.0, "side": "top", "designator": "G***", "mpn": null, "pack": "orb-logo", "value": "LOGO", "mount_type": "tht", "place": true}, {"pos_x": 99.673465, "pos_y": -54.993684, "rotation": 180.0, "side": "top", "designator": "E6-3", "mpn": null, "pack": "PinSocket_1x12_P2.54mm_Vertical", "value": "E6-1C", "mount_type": "tht", "place": true}, {"pos_x": 99.074497, "pos_y": -64.228984, "rotation": 0.0, "side": "top", "designator": "G***", "mpn": null, "pack": "sphere-corp-board-logo", "value": "LOGO", "mount_type": "tht", "place": true}, {"pos_x": 106.393117, "pos_y": -74.80325, "rotation": 0.0, "side": "top", "designator": "J3", "mpn": null, "pack": "PinSocket_1x02_P2.54mm_Vertical", "value": "Conn_01x02_Socket", "mount_type": "tht", "place": true}, {"pos_x": 190.040087, "pos_y": -26.999749, "rotation": 0.0, "side": "top", "designator": "E35-4", "mpn": null, "pack": "PinSocket_1x12_P2.54mm_Vertical", "value": "Conn_01x12_Pin", "mount_type": "tht", "place": true}, {"pos_x": 114.908136, "pos_y": -27.006837, "rotation": 0.0, "side": "top", "designator": "E6-4", "mpn": null, "pack": "PinSocket_1x12_P2.54mm_Vertical", "value": "Conn_01x12_Pin", "mount_type": "tht", "place": true}, {"pos_x": 128.029694, "pos_y": -68.859095, "rotation": 180.0, "side": "top", "designator": "D6", "mpn": null, "pack": "D_DO-41_SOD81_P10.16mm_Horizontal", "value": "IN4001", "mount_type": "tht", "place": true}, {"pos_x": 146.011041, "pos_y": -76.510671, "rotation": 90.0, "side": "top", "designator": "U1", "mpn": null, "pack": "Arduino_Nano", "value": "Arduino_Nano", "mount_type": "tht", "place": true}, {"pos_x": 117.919247, "pos_y": -64.24068, "rotation": 0.0, "side": "top", "designator": "D5", "mpn": null, "pack": "D_DO-41_SOD81_P10.16mm_Horizontal", "value": "IN4001", "mount_type": "tht", "place": true}, {"pos_x": 139.94759, "pos_y": -26.996389, "rotation": 0.0, "side": "top", "designator": "E12-4", "mpn": null, "pack": "PinSocket_1x12_P2.54mm_Vertical", "value": "Conn_01x12_Pin", "mount_type": "tht", "place": true}, {"pos_x": 139.662958, "pos_y": -76.35459, "rotation": 180.0, "side": "top", "designator": "U2", "mpn": null, "pack": "DIP-14_W7.62mm_Socket_LongPads", "value": "4071", "mount_type": "tht", "place": true}, {"pos_x": 128.170946, "pos_y": -59.944854, "rotation": 180.0, "side": "top", "designator": "D8", "mpn": null, "pack": "D_DO-41_SOD81_P10.16mm_Horizontal", "value": "IN4001", "mount_type": "tht", "place": true}, {"pos_x": 110.993117, "pos_y": -74.80325, "rotation": 0.0, "side": "top", "designator": "J4", "mpn": null, "pack": "PinSocket_1x02_P2.54mm_Vertical", "value": "Conn_01x02_Socket", "mount_type": "tht", "place": true}, {"pos_x": 124.711887, "pos_y": -54.992349, "rotation": 180.0, "side": "top", "designator": "E12-3", "mpn": null, "pack": "PinSocket_1x12_P2.54mm_Vertical", "value": "Conn_01x12_Pin", "mount_type": "tht", "place": true}, {"pos_x": 149.741524, "pos_y": -54.99152, "rotation": 180.0, "side": "top", "designator": "E20-3", "mpn": null, "pack": "PinSocket_1x12_P2.54mm_Vertical", "value": "Conn_01x12_Pin", "mount_type": "tht", "place": true}, {"pos_x": 97.193117, "pos_y": -74.80325, "rotation": 0.0, "side": "top", "designator": "J1", "mpn": null, "pack": "PinSocket_1x02_P2.54mm_Vertical", "value": "Conn_01x02_Socket", "mount_type": "tht", "place": true}, {"pos_x": 117.919247, "pos_y": -72.74068, "rotation": 0.0, "side": "top", "designator": "D7", "mpn": null, "pack": "D_DO-41_SOD81_P10.16mm_Horizontal", "value": "IN4001", "mount_type": "tht", "place": true}, {"pos_x": 186.36, "pos_y": -27.0, "rotation": 180.0, "side": "bottom", "designator": "E35-2", "mpn": null, "pack": "PinHeader_1x12_P2.54mm_Vertical", "value": "Conn_01x12_Pin", "mount_type": "tht", "place": true}, {"pos_x": 111.24, "pos_y": -27.0, "rotation": 180.0, "side": "bottom", "designator": "E6-2", "mpn": null, "pack": "PinHeader_1x12_P2.54mm_Vertical", "value": "Conn_01x12_Pin", "mount_type": "tht", "place": true}, {"pos_x": 161.32, "pos_y": -27.0, "rotation": 180.0, "side": "bottom", "designator": "E20-2", "mpn": null, "pack": "PinHeader_1x12_P2.54mm_Vertical", "value": "Conn_01x12_Pin", "mount_type": "tht", "place": true}, {"pos_x": 171.12, "pos_y": -55.0, "rotation": 0.0, "side": "bottom", "designator": "E35-1", "mpn": null, "pack": "PinHeader_1x12_P2.54mm_Vertical", "value": "Conn_01x12_Pin", "mount_type": "tht", "place": true}, {"pos_x": 146.08, "pos_y": -55.0, "rotation": 0.0, "side": "bottom", "designator": "E20-1", "mpn": null, "pack": "PinHeader_1x12_P2.54mm_Vertical", "value": "Conn_01x12_Pin", "mount_type": "tht", "place": true}, {"pos_x": 136.28, "pos_y": -27.0, "rotation": 180.0, "side": "bottom", "designator": "E12-2", "mpn": null, "pack": "PinHeader_1x12_P2.54mm_Vertical", "value": "Conn_01x12_Pin", "mount_type": "tht", "place": true}, {"pos_x": 96.0, "pos_y": -55.0, "rotation": 0.0, "side": "bottom", "designator": "E6-1", "mpn": null, "pack": "PinHeader_1x12_P2.54mm_Vertical", "value": "E6-1C", "mount_type": "tht", "place": true}, {"pos_x": 121.04, "pos_y": -55.0, "rotation": 0.0, "side": "bottom", "designator": "E12-1", "mpn": null, "pack": "PinHeader_1x12_P2.54mm_Vertical", "value": "Conn_01x12_Pin", "mount_type": "tht", "place": true}]